"","LRT_Lat","LRT_Lon"
"1",41.794107,-71.53372
"2",42.35557,-72.47981
"3",41.5492,-73.4291
"4",41.838031,-72.599372
"5",NA,NA
"6",42.95983,-71.54373
"7",NA,NA
"8",42.527827,-72.627624
"9",41.731171,-70.583757
"10",42.21135,-72.08563
"11",42.00332,-71.52091
"12",42.39451,-71.57984
"13",42.117674,-71.976456
"14",42.235971,-70.972946
"15",41.654169,-72.905735
"16",42.246944,-70.839521
"17",42.527748,-72.628098
"18",42.44353,-71.33946
"19",42.527748,-72.628098
"20",42.7654,-71.124025
"21",42.468401,-73.194143
"22",41.302643,-72.889225
"23",41.74985,-72.651869
"24",42.168567,-72.518463
"25",42.027089,-71.087601
"26",42.08445,-71.41329
"27",42.80943,-70.87781
"28",41.649943,-73.078353
"29",43.326111,-71.472778
"30",41.555257,-73.049353
"31",42.066799,-71.199493
"32",42.533852,-71.845589
"33",42.073645,-72.026023
"34",42.271105,-71.401109
"35",42.456196,-73.220104
"36",42.22385,-72.522202
"37",42.572388,-72.621221
"38",NA,NA
"39",NA,NA
"40",41.701816,-70.035606
"41",42.452348,-73.200398
"42",42.269699,-71.902389
"43",42.853413,-71.398166
"44",41.96365,-70.806877
"45",NA,NA
"46",42.364742,-71.896308
"47",42.361721,-71.101654
"48",42.48923,-71.131973
"49",42.275973,-71.25583
"50",42.785881,-70.862854
"51",42.126,-71.33892
"52",42.24675,-72.07271
"53",44.283103,-71.6894
"54",42.297016,-72.717109
"55",41.916027,-72.614407
"56",41.4401,-72.83471
"57",NA,NA
"58",42.695038,-71.618366
"59",41.375384,-72.878626
"60",42.035701,-71.300249
"61",41.682,-72.872
"62",41.883137,-71.914215
"63",41.80833,-71.53471
"64",41.43674,-71.699542
"65",41.93115,-71.06289
"66",41.47083,-71.49166
"67",41.275332,-72.856897
"68",41.838031,-72.599372
"69",41.765944,-71.413515
"70",42.35797,-71.10215
"71",41.788541,-71.109389
"72",41.8023,-70.7875
"73",41.584424,-72.716303
"74",41.990339,-71.480489
"75",42.04668,-72.11287
"76",42.364742,-71.896308
"77",41.552196,-72.793295
"78",41.186459,-73.159293
"79",42.37961,-71.08108
"80",42.328817,-71.073498
"81",42.126641,-71.112351
"82",44.712556,-69.847255
"83",42.336812,-71.775926
"84",41.93603,-71.275498
"85",41.504779,-71.314522
"86",41.963211,-70.71123
"87",41.737692,-71.461485
"88",NA,NA
"89",NA,NA
"90",42.147413,-72.745199
"91",43.343611,-72.378056
"92",43.2868,-71.5761
"93",41.58452,-72.042398
"94",42.2207,-71.7673
"95",42.447211,-70.980472
"96",42.730617,-73.204826
"97",41.892398,-72.708835
"98",41.665699,-70.212562
"99",40.937524,-73.901578
"100",42.095871,-75.961307
"101",39.788363,-75.354051
"102",40.55804,-74.564977
"103",18.150007,-65.790511
"104",42.883094,-78.800925
"105",40.0758,-74.7617
"106",40.620077,-74.235381
"107",39.9094,-75.1167
"108",43.09075,-78.995333
"109",40.738726,-74.112656
"110",42.962276,-78.618635
"111",43.0837,-79.0068
"112",43.21666,-79.03333
"113",40.6495,-74.1824
"114",40.70509,-74.07595
"115",40.054477,-74.185901
"116",40.7381,-74.1266
"117",40.735176,-73.944863
"118",40.724335,-73.93667
"119",39.98056,-74.77083
"120",43.212195,-78.978434
"121",42.855605,-77.090566
"122",42.4772,-75.01576
"123",42.050189,-73.976795
"124",40.617427,-73.636167
"125",40.762956,-73.453345
"126",18.015098,-66.699519
"127",39.533887,-75.058974
"128",40.598047,-74.259846
"129",40.715048,-73.965808
"130",40.614135,-74.252579
"131",18.394193,-66.297216
"132",40.713232,-74.130083
"133",42.918278,-76.846444
"134",43.818037,-75.918639
"135",40.736743,-74.11221
"136",41.6405,-74.664167
"137",NA,NA
"138",40.658295,-74.214327
"139",40.603219,-74.26516
"140",40.709881,-73.928007
"141",40.626885,-74.240864
"142",41.034114,-74.034322
"143",42.58159,-78.502161
"144",39.873391,-75.136343
"145",41.276972,-73.942083
"146",NA,NA
"147",39.27212,-76.599385
"148",39.837222,-75.838056
"149",40.567755,-75.479128
"150",37.771389,-77.468333
"151",38.990278,-75.628889
"152",39.490088,-79.640607
"153",39.706389,-79.935833
"154",39.531484,-80.112797
"155",39.368131,-81.300671
"156",NA,NA
"157",NA,NA
"158",40.797841,-80.462289
"159",37.707835,-78.326504
"160",NA,NA
"161",40.447558,-80.274593
"162",39.019444,-76.696944
"163",39.291389,-76.595556
"164",39.258476,-76.511026
"165",38.986419,-77.097696
"166",38.895671,-76.82254
"167",39.347278,-76.566014
"168",38.871835,-76.856468
"169",39.11595,-76.63328
"170",38.957099,-76.921311
"171",39.340493,-76.667108
"172",37.442746,-79.140008
"173",38.518701,-81.867662
"174",NA,NA
"175",39.078889,-77.0775
"176",39.180435,-75.550973
"177",38.450278,-75.558056
"178",NA,NA
"179",40.379167,-80.583333
"180",39.313608,-76.52208
"181",39.156831,-76.569505
"182",40.720236,-80.170513
"183",39.270977,-76.470789
"184",38.366174,-76.427193
"185",NA,NA
"186",40.10851,-75.945066
"187",40.123378,-80.701996
"188",39.314538,-76.759798
"189",40.402847,-79.786991
"190",38.54835,-76.948473
"191",36.907087,-76.165819
"192",38.811913,-76.067087
"193",40.66121,-75.234343
"194",39.100833,-76.816389
"195",39.271667,-76.65595
"196",40.01157,-75.120183
"197",40.335028,-75.962958
"198",37.767222,-81.419722
"199",37.400142,-79.184737
"200",38.931881,-81.824583
"201",39.000904,-80.245112
"202",39.826224,-75.388804
"203",NA,NA
"204",NA,NA
"205",NA,NA
"206",NA,NA
"207",NA,NA
"208",40.166933,-76.838323
"209",39.35933,-81.30965
"210",40.360365,-77.0172
"211",40.436736,-80.17978
"212",38.588692,-75.445419
"213",39.032578,-75.725212
"214",39.705348,-75.53665
"215",39.922319,-75.218975
"216",39.200538,-79.264798
"217",38.986111,-76.757222
"218",40.09584,-75.31056
"219",38.904167,-81.928889
"220",39.271944,-81.661667
"221",39.74694,-80.8542
"222",NA,NA
"223",39.976219,-75.591876
"224",39.986769,-76.748829
"225",39.298333,-77.331944
"226",39.402301,-76.599474
"227",39.170278,-76.788333
"228",39.184167,-76.763333
"229",38.958333,-76.268056
"230",39.043173,-77.110834
"231",39.026389,-76.443889
"232",39.17,-76.8
"233",38.805,-76.981944
"234",39.545374,-76.476819
"235",NA,NA
"236",38.42666,-81.8425
"237",NA,NA
"238",37.523211,-77.432827
"239",NA,NA
"240",40.344444,-80.606667
"241",NA,NA
"242",39.381389,-79.3885
"243",40.394793,-75.93382
"244",36.542149,-79.67007
"245",40.845374,-75.262957
"246",39.318149,-76.609613
"247",39.168889,-75.492222
"248",40.155025,-74.764229
"249",39.556667,-76.325556
"250",39.6395,-76.2971
"251",40.2443,-76.8541
"252",37.412092,-77.319423
"253",39.306593,-76.899189
"254",40.620689,-75.310295
"255",40.111675,-76.776349
"256",40.814558,-80.515025
"257",38.020321,-78.652946
"258",38.473192,-81.823154
"259",39.274348,-76.635264
"260",40.250627,-79.878599
"261",NA,NA
"262",39.72445,-77.03611
"263",40.348638,-76.42732
"264",39.375738,-77.353179
"265",39.165125,-77.165598
"266",38.881944,-76.851389
"267",42.059457,-80.014484
"268",40.079722,-75.880833
"269",NA,NA
"270",41.855833,-75.731389
"271",39.622778,-75.815556
"272",40.211191,-79.695404
"273",40.387013,-80.312284
"274",40.586177,-79.610879
"275",39.33861,-80.25694
"276",39.213621,-76.550676
"277",37.519092,-76.623387
"278",NA,NA
"279",40.170094,-76.521911
"280",38.964431,-77.103701
"281",39.23844,-76.595654
"282",39.200734,-77.456357
"283",NA,NA
"284",38.27069,-76.41944
"285",40.577589,-76.409401
"286",40.270359,-75.654282
"287",37.296816,-77.257199
"288",40.293392,-75.284012
"289",39.134444,-76.5875
"290",40.045263,-76.310812
"291",39.586111,-76.993611
"292",39.259955,-81.679295
"293",37.075207,-76.44962
"294",39.630833,-77.686111
"295",39.6625,-77.006111
"296",39.42,-76.780833
"297",39.363,-76.7835
"298",38.83817,-78.54752
"299",39.147778,-77.016944
"300",37.352337,-77.495132
"301",40.796131,-80.4679
"302",41.012483,-79.717666
"303",40.350096,-79.951495
"304",36.756149,-76.520901
"305",40.239444,-78.968611
"306",NA,NA
"307",40.544511,-79.766437
"308",37.676388,-77.577925
"309",39.209221,-76.569322
"310",NA,NA
"311",38.796667,-76.985278
"312",40.621175,-80.608683
"313",40.140957,-74.805954
"314",38.354466,-81.7072
"315",36.688846,-79.850473
"316",39.552613,-76.075181
"317",41.844207,-79.142351
"318",41.290339,-78.649469
"319",36.75832,-76.058617
"320",40.117655,-74.87867
"321",39.712626,-75.598264
"322",39.745278,-75.595
"323",42.111411,-80.103687
"324",40.302746,-75.909348
"325",40.355499,-79.440201
"326",39.26994,-76.63041
"327",40.16996,-74.770507
"328",36.8087,-76.3035
"329",33.94918,-86.86932
"330",28.094598,-80.697319
"331",37.051703,-88.395243
"332",33.516667,-86.75
"333",33.594083,-86.771944
"334",38.190651,-85.701874
"335",38.378056,-82.626389
"336",27.639823,-82.538625
"337",30.434388,-89.052919
"338",32.3269,-86.278622
"339",30.2656,-85.5214
"340",38.072601,-84.498126
"341",32.410444,-90.24325
"342",30.39815,-88.24367
"343",33.406278,-90.960639
"344",35.893173,-81.426799
"345",38.375,-82.604167
"346",25.7865,-80.4214
"347",NA,NA
"348",32.809346,-80.110556
"349",32.8078,-79.94455
"350",35.3525,-80.669722
"351",32.796694,-88.310528
"352",35.06716,-80.87946
"353",34.19838,-79.76826
"354",36.095968,-79.685861
"355",35.786966,-78.55875
"356",27.902934,-81.992951
"357",NA,NA
"358",35.005402,-85.376663
"359",NA,NA
"360",27.955577,-81.779153
"361",33.83895,-84.198607
"362",36.335063,-79.668497
"363",36.431769,-86.80528
"364",36.07389,-86.6814
"365",35.00496,-81.97661
"366",34.679471,-82.840588
"367",34.10226,-80.85252
"368",32.950742,-80.634154
"369",30.209722,-82.047222
"370",34.9987,-80.9032
"371",25.835883,-80.356165
"372",35.276954,-80.871478
"373",34.591075,-86.972562
"374",33.914594,-81.07666
"375",35.8764,-84.4375
"376",33.645833,-86.870833
"377",35.916833,-84.376978
"378",35.93111,-84.38749
"379",36.058246,-79.836751
"380",33.242222,-81.461667
"381",33.2413,-81.452291
"382",38.26126,-84.52814
"383",36.316483,-87.123335
"384",27.964167,-82.37294
"385",27.892708,-82.401395
"386",26.491662,-81.933387
"387",28.986061,-81.072125
"388",34.009408,-85.967884
"389",26.679104,-80.094
"390",33.301583,-79.306389
"391",33.903933,-80.329286
"392",34.084361,-86.024278
"393",38.374895,-84.291514
"394",34.82669,-82.37017
"395",26.603186,-81.768743
"396",30.633889,-88.223056
"397",NA,NA
"398",33.819977,-78.969704
"399",27.761639,-82.692198
"400",34.66979,-86.61282
"401",37.811944,-87.658333
"402",27.578085,-80.485499
"403",38.14927,-85.736147
"404",30.60539,-87.322938
"405",34.97895,-81.97062
"406",30.43222,-81.553889
"407",NA,NA
"408",38.0381,-85.7153
"409",33.87256,-80.38278
"410",28.73974,-81.88944
"411",28.08403,-81.928387
"412",26.565861,-81.527306
"413",26.631667,-81.761389
"414",30.423244,-84.149056
"415",27.798374,-82.739749
"416",30.648779,-88.06329
"417",30.343674,-81.628953
"418",27.470256,-82.444294
"419",NA,NA
"420",29.120833,-82.05804
"421",27.178322,-80.380715
"422",35.644785,-77.36119
"423",38.269336,-85.80879
"424",34.876111,-81.971667
"425",26.0525,-80.228333
"426",33.657024,-85.823221
"427",34.0138,-80.684253
"428",28.4781,-81.207383
"429",27.339262,-80.693987
"430",26.577887,-80.750008
"431",30.405556,-81.7625
"432",33.54813,-81.670067
"433",33.86588,-81.03578
"434",28.198024,-82.578277
"435",28.369724,-82.560119
"436",35.084324,-90.036556
"437",29.719008,-82.351677
"438",30.797723,-83.278556
"439",32.375361,-88.610222
"440",33.708439,-87.066666
"441",33.691667,-80.523611
"442",38.690556,-85.140556
"443",33.499419,-86.845259
"444",37.463436,-82.52856
"445",27.36427,-82.529559
"446",34.871731,-81.976017
"447",NA,NA
"448",30.179155,-81.714196
"449",30.399251,-84.328065
"450",NA,NA
"451",28.394748,-80.829327
"452",33.97194,-81.19889
"453",27.926631,-82.395356
"454",26.540209,-80.080951
"455",28.806957,-81.317231
"456",25.860432,-80.340403
"457",38.433333,-85.2375
"458",33.819977,-78.969704
"459",34.183678,-80.289413
"460",33.016174,-79.928609
"461",34.682313,-86.598882
"462",30.261431,-81.608221
"463",36.895833,-86.902222
"464",30.926682,-85.426059
"465",27.438245,-80.471905
"466",27.89024,-82.71372
"467",28.639017,-81.516045
"468",36.0661,-79.348716
"469",35.08556,-90.115641
"470",27.956745,-82.375179
"471",27.924553,-82.439439
"472",NA,NA
"473",37.389491,-86.869159
"474",36.015879,-84.240143
"475",35.276264,-89.940628
"476",27.957424,-82.398336
"477",28.416251,-81.38885
"478",NA,NA
"479",35.98444,-84.26139
"480",33.50648,-86.811239
"481",29.6469,-82.3483
"482",30.708196,-88.099338
"483",35.01413,-81.87556
"484",30.378409,-84.271613
"485",33.608429,-84.321239
"486",36.13245,-78.72987
"487",35.536421,-87.206238
"488",33.468226,-81.94211
"489",NA,NA
"490",38.13699,-85.72056
"491",34.227355,-80.640402
"492",26.287222,-80.159722
"493",26.068889,-80.203611
"494",NA,NA
"495",34.637778,-82.527778
"496",44.983208,-93.277663
"497",41.046484,-85.058272
"498",42.364136,-82.965212
"499",41.157258,-81.565423
"500",NA,NA
"501",40.710183,-81.270076
"502",42.264135,-83.472234
"503",42.396568,-83.557503
"504",46.760411,-92.105994
"505",43.151996,-87.98333
"506",41.779462,-87.856857
"507",41.593056,-87.313056
"508",39.364265,-84.168915
"509",39.30598,-84.42377
"510",38.487877,-90.032127
"511",41.29948,-82.16559
"512",45.6907,-91.8379
"513",38.0369,-87.5949
"514",42.149868,-89.07701
"515",44.68211,-91.13635
"516",41.478528,-81.707166
"517",40.100037,-87.60002
"518",39.01523,-90.13846
"519",41.356743,-81.467476
"520",40.723,-86.3461
"521",42.356606,-85.004899
"522",42.356,-85.0111
"523",41.00763,-80.52927
"524",41.656434,-87.71425
"525",41.45083,-81.68445
"526",NA,NA
"527",41.923542,-87.669955
"528",41.6425,-87.5702
"529",42.9108,-83.7269
"530",42.6812,-85.298
"531",44.850833,-84.682741
"532",41.073259,-81.533066
"533",42.160554,-83.21257
"534",41.704681,-83.508224
"535",41.48181,-81.671596
"536",42.341064,-89.359311
"537",41.868566,-80.799807
"538",41.682606,-87.576276
"539",39.742974,-84.292115
"540",41.872031,-87.888061
"541",42.290718,-84.386124
"542",44.9844,-93.2787
"543",39.7337,-86.1888
"544",40.813282,-82.860893
"545",44.733485,-93.207888
"546",41.898207,-88.682515
"547",42.443236,-85.633076
"548",40.101389,-87.733333
"549",41.734402,-88.077698
"550",45.847944,-93.350833
"551",40.814629,-80.522858
"552",44.780281,-93.306721
"553",41.590415,-87.644746
"554",40.775075,-81.370344
"555",NA,NA
"556",45.172,-93.5267
"557",41.384731,-88.395867
"558",39.164713,-84.519617
"559",41.667479,-83.468294
"560",42.366697,-83.048061
"561",42.266338,-83.396303
"562",41.438052,-90.67954
"563",41.60584,-83.512343
"564",39.29945,-84.68833
"565",42.289747,-83.206744
"566",41.772284,-86.653986
"567",41.484961,-81.67364
"568",41.294117,-84.31722
"569",42.791391,-84.69001
"570",45.296848,-93.558165
"571",41.479378,-81.700423
"572",41.468406,-81.636544
"573",44.1912,-86.2645
"574",NA,NA
"575",41.683621,-87.990659
"576",39.748,-86.2997
"577",40.631622,-80.54632
"578",39.79068,-88.003237
"579",42.217853,-89.087542
"580",41.029742,-87.86594
"581",42.713082,-87.870441
"582",39.140988,-84.541511
"583",NA,NA
"584",45.072443,-83.404362
"585",41.1809,-84.6048
"586",40.40833,-83.725
"587",NA,NA
"588",42.105946,-87.813985
"589",41.670571,-88.053461
"590",41.341333,-88.898045
"591",41.476811,-88.126059
"592",40.735614,-84.088
"593",42.65278,-83.07361
"594",41.673995,-87.573845
"595",41.856237,-87.992503
"596",43.03923,-89.40732
"597",41.506176,-82.933826
"598",39.268389,-82.853417
"599",44.982887,-93.248024
"600",39.107417,-84.545609
"601",42.219851,-83.524757
"602",38.422889,-85.657389
"603",44.780102,-93.307503
"604",39.205861,-84.811083
"605",44.9711,-93.37355
"606",41.031149,-85.219247
"607",44.888922,-93.009252
"608",40.925949,-87.349554
"609",42.284826,-87.871262
"610",42.383463,-83.180399
"611",44.847907,-93.284777
"612",41.51972,-83.03866
"613",43.015833,-84.180556
"614",40.723087,-89.6549
"615",46.5974,-95.5667
"616",42.3622,-82.9639
"617",44.778985,-93.061087
"618",47.582432,-95.760922
"619",40.999581,-81.616821
"620",NA,NA
"621",39.7729,-84.152838
"622",41.372168,-81.533914
"623",41.60994,-87.480026
"624",NA,NA
"625",41.650334,-87.701549
"626",41.324167,-82.034722
"627",45.270539,-93.535691
"628",39.27895,-84.59246
"629",41.6445,-87.6062
"630",39.86227,-89.6043
"631",42.2657,-83.4613
"632",38.771194,-87.328222
"633",41.096857,-81.440963
"634",42.118941,-87.900752
"635",41.871858,-88.287698
"636",40.88183,-82.673395
"637",NA,NA
"638",45.018063,-93.202135
"639",39.314,-87.3443
"640",39.167204,-84.512188
"641",44.52652,-89.56623
"642",45.70909,-87.304822
"643",41.220676,-80.805702
"644",39.72647,-86.2576
"645",41.377778,-89.991667
"646",43.6003,-84.2234
"647",39.713065,-82.543882
"648",41.63454,-87.461596
"649",44.71943,-93.07281
"650",40.709028,-89.613103
"651",39.01333,-82.99805
"652",NA,NA
"653",41.334236,-89.791502
"654",42.393,-83.0326
"655",43.95997,-88.906399
"656",38.594521,-90.185511
"657",39.683908,-84.275633
"658",43.188056,-88.064722
"659",43.370445,-87.887944
"660",NA,NA
"661",41.37075,-82.955888
"662",42.8467,-88.0623
"663",43.19443,-88.07221
"664",44.815907,-94.248837
"665",39.91139,-82.25278
"666",45.45136,-91.36207
"667",41.822565,-87.751519
"668",40.675359,-89.505043
"669",42.371263,-83.05323
"670",42.984957,-83.986772
"671",41.9151,-85.69236
"672",42.78049,-85.920782
"673",43.366667,-82.766667
"674",42.7244,-83.2494
"675",42.274021,-83.430817
"676",42.351621,-88.267387
"677",42.119217,-87.898982
"678",41.831457,-87.718129
"679",42.1966,-83.4863
"680",42.707222,-83.247778
"681",42.159504,-89.055266
"682",41.5149,-87.193
"683",42.15958,-89.061534
"684",42.68164,-88.07547
"685",NA,NA
"686",NA,NA
"687",44.756836,-91.45619
"688",42.483262,-87.873956
"689",29.972149,-92.10698
"690",35.144544,-106.627505
"691",35.644722,-101.425278
"692",29.583889,-95.433889
"693",30.482289,-92.852998
"694",29.593197,-96.485878
"695",30.01883,-89.900933
"696",29.943605,-90.192177
"697",33.6953,-94.423
"698",29.508663,-90.675468
"699",29.97006,-90.10875
"700",30.063277,-94.059642
"701",35.493256,-97.646278
"702",30.089619,-90.055994
"703",NA,NA
"704",29.827917,-95.238306
"705",30.263812,-92.078733
"706",30.78104,-92.42835
"707",35.214686,-101.826319
"708",30.247472,-92.270712
"709",30.558521,-91.186775
"710",NA,NA
"711",30.397222,-91.055
"712",30.461,-91.122
"713",32.45718,-93.758377
"714",32.35667,-93.90417
"715",30.519966,-91.145915
"716",30.149365,-90.872875
"717",29.798845,-94.532425
"718",31.180833,-97.294444
"719",31.3675,-92.416917
"720",35.672807,-106.071714
"721",30.319444,-93.199872
"722",32.359045,-93.636844
"723",30.465747,-90.737039
"724",30.32187,-93.300713
"725",31.751239,-102.540979
"726",NA,NA
"727",30.115209,-93.401267
"728",27.713654,-97.461639
"729",NA,NA
"730",30.568244,-91.215387
"731",NA,NA
"732",31.569355,-92.718681
"733",29.708492,-95.091149
"734",33.20586,-92.63103
"735",29.707288,-95.090618
"736",36.433955,-98.803267
"737",30.191586,-91.11316
"738",30.27644,-92.364609
"739",30.516174,-91.075027
"740",31.376292,-92.426804
"741",29.444214,-98.411951
"742",29.468788,-94.965569
"743",29.381944,-94.893333
"744",30.609631,-91.242887
"745",29.798988,-95.301201
"746",27.815056,-97.459667
"747",NA,NA
"748",36.122414,-96.020344
"749",30.484917,-91.17392
"750",32.465828,-95.175781
"751",32.514336,-92.151962
"752",31.62534,-92.582146
"753",32.51726,-92.630845
"754",35.787001,-95.695261
"755",29.723417,-95.219889
"756",NA,NA
"757",29.353291,-94.913256
"758",32.737046,-97.337785
"759",32.77834,-96.893337
"760",30.3605,-91.00642
"761",NA,NA
"762",32.79383,-93.06245
"763",NA,NA
"764",29.989935,-93.946562
"765",31.26317,-92.4515
"766",29.424954,-94.966592
"767",32.743039,-96.820432
"768",30.266806,-92.860115
"769",29.934324,-90.009033
"770",32.780366,-97.255935
"771",30.524744,-90.43502
"772",NA,NA
"773",30.620075,-90.496404
"774",29.991734,-90.085749
"775",32.48103,-91.99046
"776",29.384776,-94.971871
"777",29.663202,-91.127022
"778",30.285928,-93.157559
"779",35.51209,-97.512259
"780",29.955715,-90.077497
"781",NA,NA
"782",29.74295,-95.097848
"783",31.270584,-92.462715
"784",32.824651,-96.851258
"785",32.532373,-93.682677
"786",30.070833,-94.054694
"787",30.28495,-89.74302
"788",29.682377,-95.317236
"789",29.744222,-95.1225
"790",32.780446,-97.26318
"791",35.659157,-101.45266
"792",30.17165,-91.346115
"793",30.687159,-91.452874
"794",30.58333,-91.24333
"795",30.68667,-91.2678
"796",NA,NA
"797",30.490826,-91.122821
"798",32.968611,-93.991667
"799",NA,NA
"800",30.552135,-91.469277
"801",34.064732,-93.08255
"802",34.513889,-92.630556
"803",30.00164,-90.1299
"804",29.937005,-90.210793
"805",29.633833,-90.758092
"806",30.186164,-92.066337
"807",30.50299,-91.15194
"808",32.515437,-92.633337
"809",30.2288,-92.26873
"810",31.56077,-93.47112
"811",33.2375,-97.081389
"812",29.85289,-90.02427
"813",29.680778,-95.320472
"814",29.704022,-90.565426
"815",29.924511,-90.371761
"816",32.490906,-92.110706
"817",30.046709,-90.699653
"818",32.533104,-93.652259
"819",30.486234,-90.456852
"820",35.103208,-106.644369
"821",NA,NA
"822",30.465222,-90.040767
"823",30.187222,-93.305194
"824",29.725028,-95.273806
"825",30.671008,-95.589607
"826",29.705511,-91.202286
"827",NA,NA
"828",29.781012,-90.807314
"829",NA,NA
"830",29.736338,-95.091873
"831",29.955258,-90.075855
"832",NA,NA
"833",32.465917,-97.027366
"834",31.083519,-93.166824
"835",30.047091,-91.872888
"836",35.242949,-101.83595
"837",27.729053,-97.658318
"838",29.953606,-90.079277
"839",32.374444,-103.791388
"840",27.811058,-97.443436
"841",29.855953,-94.091568
"842",29.715654,-94.983665
"843",NA,NA
"844",30.684913,-92.265705
"845",NA,NA
"846",29.745,-95.094167
"847",29.478295,-95.635775
"848",32.440964,-103.052826
"849",NA,NA
"850",32.756473,-97.301961
"851",NA,NA
"852",30.547465,-92.117141
"853",33.0175,-96.957494
"854",36.21057,-95.81651
"855",30.231526,-92.067006
"856",32.48596,-92.01823
"857",29.914373,-90.263967
"858",30.471902,-91.080296
"859",35.50264,-97.415215
"860",31.925419,-92.645205
"861",29.788,-94.52033
"862",41.926327,-91.689421
"863",41.192542,-95.414383
"864",39.094146,-94.534807
"865",40.80833,-91.24666
"866",37.192361,-93.328861
"867",37.698902,-95.458814
"868",38.790494,-91.049348
"869",39.250167,-94.291722
"870",39.15393,-94.49527
"871",42.41463,-92.32658
"872",38.771222,-90.443667
"873",40.788261,-96.699036
"874",41.14091,-92.64614
"875",43.38268,-93.57207
"876",37.845358,-97.187867
"877",40.8671,-96.6536
"878",41.1544,-103.659
"879",37.729263,-97.319216
"880",37.089528,-95.58375
"881",41.310803,-92.598368
"882",37.66946,-97.38764
"883",41.21597,-95.879621
"884",41.834889,-96.710759
"885",42.729667,-95.558702
"886",39.03333,-94.8
"887",41.635773,-93.581458
"888",37.097412,-94.383462
"889",37.722806,-97.324972
"890",37.09375,-94.382778
"891",42.480108,-92.292514
"892",39.103711,-94.688394
"893",38.737472,-90.461417
"894",NA,NA
"895",39.1279,-94.4722
"896",39.058139,-94.509722
"897",NA,NA
"898",39.162106,-94.482522
"899",NA,NA
"900",38.547861,-92.093472
"901",41.830409,-90.19931
"902",42.78738,-91.10093
"903",41.150073,-100.799042
"904",40.68242,-96.22576
"905",38.847678,-94.554149
"906",37.508942,-95.822476
"907",38.496243,-90.83622
"908",39.15,-94.63
"909",41.663498,-91.528636
"910",41.676965,-93.47836
"911",40.916984,-98.378873
"912",39.753332,-94.787372
"913",43.127331,-95.895155
"914",41.079172,-92.476437
"915",37.212416,-93.314401
"916",NA,NA
"917",NA,NA
"918",41.054573,-94.260941
"919",NA,NA
"920",38.1804,-90.3366
"921",42.033807,-91.631458
"922",43.140926,-93.201898
"923",37.753956,-100.009458
"924",41.1001,-96.1627
"925",41.178014,-92.036168
"926",39.105217,-94.599417
"927",41.335829,-96.11186
"928",NA,NA
"929",38.650183,-92.749451
"930",41.248538,-95.876732
"931",42.04783,-93.58044
"932",43.133708,-93.189212
"933",41.586825,-93.58611
"934",41.617238,-94.03103
"935",41.59578,-93.34831
"936",42.414119,-92.326786
"937",42.471083,-90.648861
"938",38.726708,-94.030216
"939",38.138389,-92.587167
"940",37.834458,-94.330624
"941",39.853314,-104.767292
"942",39.79666,-104.92255
"943",44.290168,-105.519398
"944",40.349511,-104.803485
"945",40.737056,-112.984111
"946",40.686111,-113.13333
"947",39.754722,-103.722222
"948",40.825001,-113.208334
"949",38.844429,-104.580688
"950",39.854769,-104.505735
"951",39.64333,-104.7083
"952",39.660835,-104.69666
"953",37.099018,-113.574981
"954",47.620556,-111.183889
"955",45.797778,-108.483888
"956",46.600556,-112.023888
"957",39.664428,-105.010789
"958",40.745591,-112.044208
"959",40.84654,-111.941802
"960",39.870715,-104.881303
"961",39.63126,-105.01764
"962",40.594263,-111.98644
"963",40.59599,-105.06929
"964",NA,NA
"965",34.007946,-118.233503
"966",NA,NA
"967",38.013699,-122.081077
"968",34.094113,-117.509086
"969",37.616518,-122.054063
"970",35.393611,-119.0525
"971",34.2573,-118.397952
"972",NA,NA
"973",36.6659,-120.1382
"974",38.559458,-121.194086
"975",34.024334,-118.349105
"976",NA,NA
"977",34.114332,-117.925799
"978",34.134456,-117.919992
"979",34.236114,-118.372918
"980",33.94999,-117.12088
"981",37.59744,-120.99361
"982",32.878044,-117.175947
"983",33.783395,-118.230046
"984",34.036441,-117.902294
"985",NA,NA
"986",34.2394,-118.3846
"987",33.896815,-118.267782
"988",34.418657,-119.677353
"989",36.815028,-119.885861
"990",34.141301,-118.711378
"991",32.697158,-117.123279
"992",36.756707,-121.735594
"993",NA,NA
"994",34.86312,-120.5443
"995",35.531125,-118.93203
"996",37.431879,-121.965643
"997",35.968595,-120.025566
"998",39.748644,-121.846099
"999",40.788835,-124.182436
"1000",NA,NA
"1001",35.403061,-119.615756
"1002",33.989924,-118.239508
"1003",NA,NA
"1004",37.36307,-121.886923
"1005",33.035978,-115.73713
"1006",33.09707,-117.314349
"1007",33.9949,-118.1539
"1008",37.960294,-121.256155
"1009",33.648839,-117.932017
"1010",33.787597,-118.215205
"1011",34.009844,-118.205305
"1012",37.714211,-122.191735
"1013",NA,NA
"1014",37.947334,-121.296541
"1015",32.814022,-116.967626
"1016",33.448748,-112.16292
"1017",33.916774,-118.039038
"1018",33.779805,-118.265554
"1019",NA,NA
"1020",NA,NA
"1021",37.968234,-122.368445
"1022",34.052374,-118.05263
"1023",35.460275,-118.898832
"1024",34.062892,-117.505668
"1025",NA,NA
"1026",37.521461,-122.021686
"1027",33.748282,-117.858665
"1028",37.874624,-121.1833
"1029",38.593456,-121.23746
"1030",35.381379,-119.054436
"1031",37.63764,-120.970776
"1032",38.005726,-122.089608
"1033",37.20998,-121.89945
"1034",34.278864,-119.146854
"1035",34.920451,-120.446125
"1036",21.3042,-158.1078
"1037",NA,NA
"1038",34.024558,-117.944656
"1039",33.422834,-112.092904
"1040",NA,NA
"1041",38.94942,-122.801205
"1042",38.184111,-121.84283
"1043",33.78569,-118.182811
"1044",38.017189,-122.074874
"1045",37.399607,-121.93377
"1046",33.9418,-118.065483
"1047",33.918427,-118.048003
"1048",34.029833,-117.796274
"1049",36.8249,-121.3236
"1050",34.035062,-117.988878
"1051",34.089561,-117.505584
"1052",33.853163,-117.919892
"1053",NA,NA
"1054",34.425171,-118.639475
"1055",38.332616,-122.722994
"1056",33.868835,-117.915409
"1057",34.420971,-119.68311
"1058",38.01749,-122.13808
"1059",33.752133,-117.993899
"1060",37.964683,-122.511629
"1061",34.040619,-117.558366
"1062",33.75821,-118.23951
"1063",38.10244,-122.256708
"1064",NA,NA
"1065",38.303389,-122.278361
"1066",33.960553,-117.447477
"1067",35.64883,-117.640617
"1068",34.03333,-118.10555
"1069",34.142399,-118.002888
"1070",36.528718,-121.414103
"1071",34.54707,-112.449836
"1072",37.3787,-122.0225
"1073",37.820044,-122.287561
"1074",34.235681,-119.194376
"1075",36.8026,-121.6186
"1076",34.324967,-119.29324
"1077",33.96972,-118.04222
"1078",NA,NA
"1079",33.406226,-112.109203
"1080",33.716671,-117.719131
"1081",33.692034,-117.939003
"1082",32.602718,-117.016659
"1083",34.018,-118.213
"1084",34.997433,-110.33908
"1085",38.098351,-122.125276
"1086",34.09997,-117.97105
"1087",37.591933,-122.010494
"1088",33.958429,-118.182342
"1089",34.01533,-118.228871
"1090",38.030956,-121.87564
"1091",37.990462,-122.073093
"1092",NA,NA
"1093",37.504857,-122.212177
"1094",NA,NA
"1095",34.024529,-118.033682
"1096",NA,NA
"1097",33.71291,-117.995435
"1098",38.571463,-121.258073
"1099",34.304634,-119.293748
"1100",38.166364,-122.579191
"1101",39.520355,-119.629379
"1102",37.7531,-121.7229
"1103",33.957952,-118.376611
"1104",37.476059,-122.130378
"1105",33.288889,-111.957222
"1106",34.006375,-118.096407
"1107",37.610874,-121.047083
"1108",38.515106,-121.194519
"1109",38.005726,-122.089608
"1110",34.059145,-117.484754
"1111",36.599912,-119.456762
"1112",32.55737,-116.932343
"1113",32.83582,-117.15236
"1114",37.703381,-122.169072
"1115",33.095,-117.209
"1116",34.132114,-118.002161
"1117",33.9669,-117.07448
"1118",38.497514,-121.454933
"1119",34.429377,-118.444272
"1120",36.911686,-121.807407
"1121",34.151307,-118.196423
"1122",NA,NA
"1123",33.994033,-118.215406
"1124",34.131357,-114.273581
"1125",34.280793,-118.796362
"1126",38.2733,-121.9607
"1127",33.142283,-117.192297
"1128",33.406886,-112.098154
"1129",33.691977,-117.852603
"1130",33.837513,-118.31251
"1131",32.543994,-114.61865
"1132",34.038631,-117.823068
"1133",33.953471,-118.0656
"1134",33.175131,-112.66681
"1135",33.918305,-118.274305
"1136",33.286732,-111.960059
"1137",34.027897,-117.457005
"1138",NA,NA
"1139",33.695281,-117.822575
"1140",32.862911,-117.027864
"1141",34.818418,-118.750625
"1142",37.831034,-122.290632
"1143",37.49611,-121.987571
"1144",34.047337,-118.318122
"1145",NA,NA
"1146",37.634075,-122.397125
"1147",33.716808,-112.071004
"1148",36.767699,-116.692791
"1149",NA,NA
"1150",31.565624,-110.366633
"1151",34.167842,-118.834368
"1152",33.447129,-112.183764
"1153",34.120529,-117.937695
"1154",37.949124,-122.364882
"1155",32.337697,-111.07639
"1156",34.747763,-118.12109
"1157",33.868643,-118.283777
"1158",39.531072,-119.798021
"1159",33.420387,-112.099752
"1160",33.691012,-112.104884
"1161",33.743637,-116.35826
"1162",33.723717,-117.850399
"1163",34.106595,-117.972011
"1164",37.966372,-122.392883
"1165",34.114224,-117.921758
"1166",36.713371,-119.763416
"1167",33.788856,-117.45922
"1168",34.002956,-117.686817
"1169",33.835415,-118.236242
"1170",35.200356,-119.559251
"1171",33.515658,-112.168545
"1172",39.60922,-119.210524
"1173",33.425598,-111.995182
"1174",45.35231,-122.58161
"1175",47.633364,-122.380709
"1176",47.270198,-122.391888
"1177",47.4175,-122.237
"1178",47.2691,-122.392
"1179",45.57652,-122.336671
"1180",46.584399,-120.495938
"1181",NA,NA
"1182",47.448377,-122.055852
"1183",47.940262,-122.238435
"1184",45.6225,-120.253888
"1185",44.6989,-123.2335
"1186",45.615901,-120.23891
"1187",43.206,-124.3157
"1188",45.04799,-122.9622
"1189",NA,NA
"1190",47.667408,-122.10862
"1191",46.02191,-122.85698
"1192",47.537228,-122.317826
"1193",47.589,-122.322
"1194",47.269941,-122.390147
"1195",47.992104,-122.175908
"1196",45.744554,-119.624137
"1197",45.584256,-122.408314
"1198",47.264243,-122.360172
"1199",46.157035,-123.407836
"1200",64.799287,-147.77819
"1201",45.5126,-122.4539
"1202",43.98,-123.0069
"1203",47.6875,-117.27944
"1204",48.8455,-122.7055
"1205",46.112125,-122.938601
"1206",44.0421,-123.0471
"1207",45.565202,-122.749014
"1208",45.3699,-122.5894
"1209",45.614039,-122.75281
"1210",46.139701,-122.997823
"1211",47.214764,-122.336478
"1212",47.475,-122.256
"1213",46.249861,-119.042778
"1214",47.095,-122.2878
"1215",46.34436,-119.29693
"1216",48.093704,-122.795725
"1217",47.335283,-122.227503
"1218",47.648484,-122.341699
"1219",47.536519,-122.3369
"1220",47.626529,-117.504278
"1221",46.564831,-122.270382
"1222",45.83611,-119.45
"1223",47.412042,-122.230527
"1224",NA,NA
"1225",46.2779,-119.275
"1226",43.051389,-116.251111
"1227",46.5847,-119.395
"1228",NA,NA
"1229",47.57444,-122.54805
"1230",45.561,-121.1353
"1231",46.998,-120.56
"1232",45.653172,-122.736487
"1233",45.562294,-122.704365
"1234",46.0739,-118.33
"1235",45.3322,-122.7823
